제목, 언론사
삼성전자 'S펜 지원' 탭 S6 라이트 공개,연합뉴스
삼성-LG 5월 중저가폰 본격 대결 펼친다,뉴스웨이
삼성웰스토리 내부거래 통한 실적 올리기?…공정위 ‘예의주시’,더퍼블릭
코잇 삼성전자 노트북7 Force 고사양 네이버 할인 프로모션,SBS CNBC
[평택촌놈의 정석투자] "삼성전자 상승시 반도체주 관심 삼성전자 하락시 개...,MTN
[특징주] 삼성전자·SK하이닉스 4%대 급등…외인 집중매수,아이뉴스24
17일 금요일 특징주는 삼성전자 한진칼 국일제지,일간리더스경제
한사랑씨앤씨 '삼성전자 노트북 플러스' 네이버 할인 특가 프로모션 진행,PC사랑
삼성·LG전자 해외공장 언제나 가동될까,비즈니스워치
[오늘Who] 삼성전자 인도는 지킨다 노태문 보급형 스마트폰 총동원,비즈니스포스트
삼성전자 'S펜 지원' 탭 S6 라이트 공개,연합뉴스
삼성-LG 5월 중저가폰 본격 대결 펼친다,뉴스웨이
삼성웰스토리 내부거래 통한 실적 올리기?…공정위 ‘예의주시’,더퍼블릭
코잇 삼성전자 노트북7 Force 고사양 네이버 할인 프로모션,SBS CNBC
[평택촌놈의 정석투자] "삼성전자 상승시 반도체주 관심 삼성전자 하락시 개...,MTN
[특징주] 삼성전자·SK하이닉스 4%대 급등…외인 집중매수,아이뉴스24
17일 금요일 특징주는 삼성전자 한진칼 국일제지,일간리더스경제
한사랑씨앤씨 '삼성전자 노트북 플러스' 네이버 할인 특가 프로모션 진행,PC사랑
삼성·LG전자 해외공장 언제나 가동될까,비즈니스워치
[오늘Who] 삼성전자 인도는 지킨다 노태문 보급형 스마트폰 총동원,비즈니스포스트
삼성전자 'S펜 지원' 탭 S6 라이트 공개,연합뉴스
삼성-LG 5월 중저가폰 본격 대결 펼친다,뉴스웨이
삼성웰스토리 내부거래 통한 실적 올리기?…공정위 ‘예의주시’,더퍼블릭
코잇 삼성전자 노트북7 Force 고사양 네이버 할인 프로모션,SBS CNBC
[평택촌놈의 정석투자] "삼성전자 상승시 반도체주 관심 삼성전자 하락시 개...,MTN
[특징주] 삼성전자·SK하이닉스 4%대 급등…외인 집중매수,아이뉴스24
17일 금요일 특징주는 삼성전자 한진칼 국일제지,일간리더스경제
한사랑씨앤씨 '삼성전자 노트북 플러스' 네이버 할인 특가 프로모션 진행,PC사랑
삼성·LG전자 해외공장 언제나 가동될까,비즈니스워치
[오늘Who] 삼성전자 인도는 지킨다 노태문 보급형 스마트폰 총동원,비즈니스포스트
